{"start_price":0.7903,"orders":[{"buy_price":0.7912,"amount":"15","sell_price":0.7920913,"sold_price":0,"status":"bought","profit":0,"id":3148599212}],"profits":0.029999999999997584,"ada_balance":14.955,"usdt_balance":78.26263078,"initial_ada_balance":0,"initial_usdt_balance":90.12433828,"percent":"+0.038"}